feature,coefficient
event_season_Fall,-0.016291439086355886
event_season_Spring,-0.03396092037631768
event_season_Summer,-0.009970144814696547
